[{"model": "boranga.grouptype", "pk": 1, "fields": {"group_type_id": -1, "name": "fauna"}}, {"model": "boranga.grouptype", "pk": 2, "fields": {"group_type_id": -1, "name": "fauna"}}, {"model": "boranga.grouptype", "pk": 3, "fields": {"group_type_id": -1, "name": "flora"}}, {"model": "boranga.grouptype", "pk": 4, "fields": {"group_type_id": -1, "name": "flora"}}, {"model": "boranga.conservationlist", "pk": 1, "fields": {"name": "ConservationList"}}, {"model": "boranga.conservationlist", "pk": 2, "fields": {"name": "ConservationListFauna_no_community"}}, {"model": "boranga.conservationlist", "pk": 3, "fields": {"name": "ConservationListFlora"}}, {"model": "boranga.conservationlist", "pk": 4, "fields": {"name": "ConservationListFloraNoCom"}}, {"model": "boranga.conservationcategory", "pk": 1, "fields": {"name": "ConservationCategory"}}, {"model": "boranga.conservationcategory", "pk": 2, "fields": {"name": "ConservationCategory_no_community"}}, {"model": "boranga.conservationcategory", "pk": 3, "fields": {"name": "ConservationCategoryFlora"}}, {"model": "boranga.conservationcategory", "pk": 4, "fields": {"name": "ConservationCategoryFloraNoCom"}}, {"model": "boranga.conservationcriteria", "pk": 1, "fields": {"name": "ConservationCriteria"}}, {"model": "boranga.conservationcriteria", "pk": 2, "fields": {"name": "ConservationCriteria_no_community"}}, {"model": "boranga.conservationcriteria", "pk": 3, "fields": {"name": "ConservationCriteriaFlora"}}, {"model": "boranga.conservationcriteria", "pk": 4, "fields": {"name": "ConservationCriteriaFloraNoCom"}}, {"model": "boranga.conservationstatus", "pk": 1, "fields": {"conservation_category": 1, "conservation_criteria": 1}}, {"model": "boranga.conservationstatus", "pk": 2, "fields": {"conservation_category": 2, "conservation_criteria": 2}}, {"model": "boranga.conservationstatus", "pk": 3, "fields": {"conservation_category": 3, "conservation_criteria": 3}}, {"model": "boranga.conservationstatus", "pk": 4, "fields": {"conservation_category": 4, "conservation_criteria": 4}}, {"model": "boranga.taxonomy", "pk": 1, "fields": {"taxon": "Pussy Cat", "taxon_id": 666, "previous_name": "N/A", "family": "Muller", "genus": "Felix", "phylogenetic_group": "Felus", "name_authority": "No Idea1-1", "community_id": "17", "community_number": 18, "community_description": "South-west biodiversity region."}}, {"model": "boranga.taxonomy", "pk": 2, "fields": {"taxon": "Dog", "taxon_id": 966, "previous_name": "K9", "family": "Puppy", "genus": "Pooch", "phylogenetic_group": "PuppusDoggus", "name_authority": "Vet", "community_id": "19", "community_number": 20, "community_description": "West biodiversity region."}}, {"model": "boranga.taxonomy", "pk": 3, "fields": {"taxon": "Rose", "taxon_id": 777, "previous_name": "N/A", "family": "Rosa", "genus": "Flower", "phylogenetic_group": "RosusFlowerus", "name_authority": "WA Museum", "community_id": "12", "community_number": 19, "community_description": "North-west biodiversity region."}}, {"model": "boranga.taxonomy", "pk": 4, "fields": {"taxon": "Tulip", "taxon_id": 755, "previous_name": "N/A", "family": "Ta", "genus": "FlowerPlant", "phylogenetic_group": "TupipusFlowerus", "name_authority": "Herbarium", "community_id": "12", "community_number": 19, "community_description": "Perth biodiversity region."}}, {"model": "boranga.species", "pk": 1, "fields": {"group_type": 1, "scientific_name": "Puss", "common_name": "Cat", "name_currency": "No Idea 1", "conservation_status": 1, "region": 1, "district": 1, "image": "path/to/cat.jog", "processing_status": "Complete 1", "taxonomy": 1}}, {"model": "boranga.species", "pk": 2, "fields": {"group_type": 2, "scientific_name": "Doggus", "common_name": "Doggy", "name_currency": "Good", "conservation_status": 2, "region": 1, "district": 1, "image": "path/to/dog.jog", "processing_status": "LOLOL 1", "taxonomy": 2}}, {"model": "boranga.species", "pk": 3, "fields": {"group_type": 3, "scientific_name": "RosusFlowerus", "common_name": "Rose", "name_currency": "No Idea Flora", "conservation_status": 3, "region": 2, "district": 2, "image": "path/to/rose.jog", "processing_status": "Complete 2", "taxonomy": 3}}, {"model": "boranga.species", "pk": 4, "fields": {"group_type": 4, "scientific_name": "TulipFlowerus", "common_name": "Tulip", "name_currency": "No Idea Tulip", "conservation_status": 4, "region": 25, "district": 29, "image": "path/to/Tulip.jog", "processing_status": "Complete Tulip", "taxonomy": 4}}, {"model": "boranga.community", "pk": 1, "fields": {"community_name": "Graeme's House", "community_id": 17, "community_status": "Safe", "region": 1, "district": 1, "species": [1]}}, {"model": "boranga.community", "pk": 2, "fields": {"community_name": "Garden", "community_id": 22, "community_status": "Weed problem", "region": 2, "district": 2, "species": [3]}}, {"model": "boranga.speciesdocument", "pk": 1, "fields": {"species_id": 1, "category_id": 11, "status": "Priority", "document": "cat_doc.pdf", "document_description": "A document describing the endangered status of a cat.", "date_time": "2022-02-02", "species": [1]}}, {"model": "boranga.speciesdocument", "pk": 2, "fields": {"species_id": 2, "category_id": 11, "status": "Priority", "document": "cat_doc.pdf", "document_description": "A document describing the endangered status of a dog.", "date_time": "2022-02-02", "species": [2]}}, {"model": "boranga.speciesdocument", "pk": 3, "fields": {"species_id": 3, "category_id": 11, "status": "Priority", "document": "rose_doc.pdf", "document_description": "A document describing the endangered status of a rose.", "date_time": "2022-02-02", "species": [3]}}, {"model": "boranga.speciesdocument", "pk": 4, "fields": {"species_id": 4, "category_id": 11, "status": "Priority", "document": "rose_doc.pdf", "document_description": "A document describing the endangered status of a rose.", "date_time": "2022-02-02", "species": [4]}}, {"model": "boranga.conservationthreat", "pk": 1, "fields": {"threat_category_id": 1111, "threat_description": "Not very dangerous.", "comment": "Not much to say.", "document": "cat_threat_document.docx", "source": "Public", "species": 1}}, {"model": "boranga.conservationthreat", "pk": 2, "fields": {"threat_category_id": 1122, "threat_description": "Bark bark.", "comment": "Feed ne.", "document": "dog_threat_document.docx", "source": "Public", "species": 2}}, {"model": "boranga.conservationthreat", "pk": 3, "fields": {"threat_category_id": 2222, "threat_description": "Prickly", "comment": "Blah blah", "document": "rose_threat_document.docx", "source": "Museum", "species": 3}}, {"model": "boranga.conservationplan", "pk": 1, "fields": {"threat_category_id": 11111, "region_id": 11, "district_id": 111, "type": "Regular", "comment": "Making too much noise.", "source": "Public", "species": [1]}}, {"model": "boranga.conservationplan", "pk": 2, "fields": {"threat_category_id": 1441, "region_id": 114, "district_id": 1114, "type": "Thing", "comment": "Making poos.", "source": "Public", "species": [2]}}, {"model": "boranga.conservationplan", "pk": 3, "fields": {"threat_category_id": 3333, "region_id": 22, "district_id": 33, "type": "Special", "comment": "Smells nice", "source": "Person", "species": [3]}}, {"model": "boranga.conservationattributes", "pk": 1, "fields": {"general_management_advice": "Give them food.", "ecological_attributes": "Too many of them.", "biological_attributes": "Very cuddly.", "specific_survey_advice": "Cuddle them.", "comments": "Very nice animals."}}, {"model": "boranga.conservationattributes", "pk": 2, "fields": {"general_management_advice": "Give  food.", "ecological_attributes": "Hug them.", "biological_attributes": "Very barky.", "specific_survey_advice": "Cuddle.", "comments": "Good dog."}}, {"model": "boranga.conservationattributes", "pk": 3, "fields": {"general_management_advice": "Water them", "ecological_attributes": "Pretty", "biological_attributes": "Nice", "specific_survey_advice": "Pick them", "comments": "Pretty nice smelling flower"}}, {"model": "boranga.distribution", "pk": 1, "fields": {"department_file_numbers": "123, 234, 345", "community_original_area": 10, "community_original_area_accuracy": 0, "number_of_occurrences": 3, "extent_of_occurrences": 5, "area_of_occupancy": 20, "number_of_iucn_locations": 5, "community_original_area_reference": "South West"}}, {"model": "boranga.distribution", "pk": 2, "fields": {"department_file_numbers": "444", "community_original_area": 1, "community_original_area_accuracy": 0, "number_of_occurrences": 6, "extent_of_occurrences": 3, "area_of_occupancy": 2, "number_of_iucn_locations": 500, "community_original_area_reference": "South West"}}, {"model": "boranga.distribution", "pk": 3, "fields": {"department_file_numbers": "666, 777, 888", "community_original_area": 12, "community_original_area_accuracy": 2, "number_of_occurrences": 10, "extent_of_occurrences": 50, "area_of_occupancy": 200, "number_of_iucn_locations": 7, "community_original_area_reference": "North West"}}]